term,estimate,std.error,statistic,p.value
(Intercept),4.740552733830313e-5,3.5617313460822327e-4,0.1330968642271332,0.8944313702540281
pred,0.999997626979096,1.5488640350163473e-5,64563.29312137083,0
